# Wärterrang (K43 §2, löst Q14): kumulative Wärter-EP = max(300 × (Rang−1), ⌊154 × (Rang−1)^1,94 / 100⌉ × 100). Skillpunkte: 1 je Rang, +1 bei 10/20/30/40.
Name,Rank,RequiredWardenXP,SkillPointsGranted,ChorCapacity,Unlocks
R01,1,0,0,2,Feature.Chor2
R02,2,300,1,3,Feature.Chor3
R03,3,600,1,3,
R04,4,1300,1,3,
R05,5,2300,1,4,Feature.Combat.Duo|Feature.Chor4
R06,6,3500,1,4,
R07,7,5000,1,4,
R08,8,6700,1,4,
R09,9,8700,1,4,
R10,10,10900,2,5,Feature.Combat.Trio|Feature.Chor5
R11,11,13400,1,5,
R12,12,16100,1,5,
R13,13,19100,1,5,
R14,14,22300,1,6,Feature.Breeding|Feature.Chor6
R15,15,25800,1,6,
R16,16,29500,1,6,
R17,17,33400,1,6,
R18,18,37500,1,6,Feature.Contracts.Tier3
R19,19,42000,1,6,
R20,20,46600,2,6,
R21,21,51500,1,6,
R22,22,56600,1,6,Feature.Raid
R23,23,61900,1,6,
R24,24,67500,1,6,
R25,25,73300,1,6,Feature.Tutors.Rank4
R26,26,79300,1,6,
R27,27,85600,1,6,
R28,28,92100,1,6,Feature.Ranked
R29,29,98900,1,6,
R30,30,105800,2,6,
R31,31,113000,1,6,
R32,32,120400,1,6,Feature.DeepResonance.Master
R33,33,128100,1,6,
R34,34,136000,1,6,
R35,35,144100,1,6,
R36,36,152400,1,6,Feature.Hain.Stage5
R37,37,161000,1,6,
R38,38,169800,1,6,
R39,39,178800,1,6,
R40,40,188000,2,6,Feature.Title.Grandwarden
