# Crescendo-Optionen (K30): alle Crescendos der eigenen Typen; Preferred = Signatur-/Wildvorgabe. Nutzbar ab Bindungsstufe 2.
Species,Ability,Preferred
ECHO_001,ABL_U009,1
ECHO_001,ABL_U010,0
ECHO_002,ABL_U007,0
ECHO_002,ABL_U008,0
ECHO_002,ABL_U009,1
ECHO_002,ABL_U010,0
ECHO_003,ABL_U009,1
ECHO_003,ABL_U010,0
ECHO_003,ABL_U025,0
ECHO_003,ABL_U026,0
ECHO_004,ABL_U005,0
ECHO_004,ABL_U006,1
ECHO_005,ABL_U005,0
ECHO_005,ABL_U006,1
ECHO_006,ABL_U005,0
ECHO_006,ABL_U006,1
ECHO_006,ABL_U027,0
ECHO_006,ABL_U028,0
ECHO_007,ABL_U007,1
ECHO_007,ABL_U008,0
ECHO_008,ABL_U007,1
ECHO_008,ABL_U008,0
ECHO_009,ABL_U007,1
ECHO_009,ABL_U008,0
ECHO_009,ABL_U015,0
ECHO_009,ABL_U016,0
ECHO_010,ABL_U025,0
ECHO_010,ABL_U026,1
ECHO_011,ABL_U025,0
ECHO_011,ABL_U026,1
ECHO_012,ABL_U009,0
ECHO_012,ABL_U010,0
ECHO_012,ABL_U025,0
ECHO_012,ABL_U026,1
ECHO_013,ABL_U021,0
ECHO_013,ABL_U022,1
ECHO_013,ABL_U025,0
ECHO_013,ABL_U026,0
ECHO_014,ABL_U009,1
ECHO_014,ABL_U010,0
ECHO_015,ABL_U009,1
ECHO_015,ABL_U010,0
ECHO_016,ABL_U009,1
ECHO_016,ABL_U010,0
ECHO_016,ABL_U015,0
ECHO_016,ABL_U016,0
ECHO_017,ABL_U009,0
ECHO_017,ABL_U010,0
ECHO_017,ABL_U029,0
ECHO_017,ABL_U030,1
ECHO_018,ABL_U015,1
ECHO_018,ABL_U016,0
ECHO_019,ABL_U015,1
ECHO_019,ABL_U016,0
ECHO_019,ABL_U021,0
ECHO_019,ABL_U022,0
ECHO_020,ABL_U015,0
ECHO_020,ABL_U016,0
ECHO_020,ABL_U021,1
ECHO_020,ABL_U022,0
ECHO_021,ABL_U003,1
ECHO_021,ABL_U004,0
ECHO_022,ABL_U003,1
ECHO_022,ABL_U004,0
ECHO_022,ABL_U009,0
ECHO_022,ABL_U010,0
ECHO_023,ABL_U017,1
ECHO_023,ABL_U018,0
ECHO_024,ABL_U017,1
ECHO_024,ABL_U018,0
ECHO_024,ABL_U021,0
ECHO_024,ABL_U022,0
ECHO_025,ABL_U007,1
ECHO_025,ABL_U008,0
ECHO_026,ABL_U007,1
ECHO_026,ABL_U008,0
ECHO_026,ABL_U025,0
ECHO_026,ABL_U026,0
ECHO_027,ABL_U009,0
ECHO_027,ABL_U010,1
ECHO_028,ABL_U009,0
ECHO_028,ABL_U010,1
ECHO_028,ABL_U017,0
ECHO_028,ABL_U018,0
ECHO_029,ABL_U005,0
ECHO_029,ABL_U006,1
ECHO_030,ABL_U005,1
ECHO_030,ABL_U006,0
ECHO_030,ABL_U027,0
ECHO_030,ABL_U028,0
ECHO_031,ABL_U019,0
ECHO_031,ABL_U020,1
ECHO_032,ABL_U001,1
ECHO_032,ABL_U002,0
ECHO_033,ABL_U005,0
ECHO_033,ABL_U006,1
ECHO_034,ABL_U005,0
ECHO_034,ABL_U006,1
ECHO_035,ABL_U005,0
ECHO_035,ABL_U006,1
ECHO_035,ABL_U019,0
ECHO_035,ABL_U020,0
ECHO_036,ABL_U005,1
ECHO_036,ABL_U006,0
ECHO_036,ABL_U027,0
ECHO_036,ABL_U028,0
ECHO_037,ABL_U027,1
ECHO_037,ABL_U028,0
ECHO_038,ABL_U005,1
ECHO_038,ABL_U006,0
ECHO_038,ABL_U027,0
ECHO_038,ABL_U028,0
ECHO_039,ABL_U027,1
ECHO_039,ABL_U028,0
ECHO_040,ABL_U019,1
ECHO_040,ABL_U020,0
ECHO_041,ABL_U005,0
ECHO_041,ABL_U006,0
ECHO_041,ABL_U019,1
ECHO_041,ABL_U020,0
ECHO_042,ABL_U005,0
ECHO_042,ABL_U006,0
ECHO_042,ABL_U019,1
ECHO_042,ABL_U020,0
ECHO_043,ABL_U007,1
ECHO_043,ABL_U008,0
ECHO_044,ABL_U007,1
ECHO_044,ABL_U008,0
ECHO_045,ABL_U007,1
ECHO_045,ABL_U008,0
ECHO_045,ABL_U019,0
ECHO_045,ABL_U020,0
ECHO_046,ABL_U005,0
ECHO_046,ABL_U006,1
ECHO_047,ABL_U005,0
ECHO_047,ABL_U006,1
ECHO_047,ABL_U025,0
ECHO_047,ABL_U026,0
ECHO_048,ABL_U005,0
ECHO_048,ABL_U006,1
ECHO_049,ABL_U003,0
ECHO_049,ABL_U004,0
ECHO_049,ABL_U005,0
ECHO_049,ABL_U006,1
ECHO_050,ABL_U011,1
ECHO_050,ABL_U012,0
ECHO_051,ABL_U007,0
ECHO_051,ABL_U008,0
ECHO_051,ABL_U011,1
ECHO_051,ABL_U012,0
ECHO_052,ABL_U023,1
ECHO_052,ABL_U024,0
ECHO_053,ABL_U005,0
ECHO_053,ABL_U006,0
ECHO_053,ABL_U023,1
ECHO_053,ABL_U024,0
ECHO_054,ABL_U001,1
ECHO_054,ABL_U002,0
ECHO_055,ABL_U001,0
ECHO_055,ABL_U002,0
ECHO_055,ABL_U015,1
ECHO_055,ABL_U016,0
ECHO_056,ABL_U021,0
ECHO_056,ABL_U022,1
ECHO_057,ABL_U025,1
ECHO_057,ABL_U026,0
ECHO_058,ABL_U005,0
ECHO_058,ABL_U006,0
ECHO_058,ABL_U029,0
ECHO_058,ABL_U030,1
ECHO_059,ABL_U017,1
ECHO_059,ABL_U018,0
ECHO_060,ABL_U003,1
ECHO_060,ABL_U004,0
ECHO_060,ABL_U017,0
ECHO_060,ABL_U018,0
ECHO_061,ABL_U003,1
ECHO_061,ABL_U004,0
ECHO_061,ABL_U017,0
ECHO_061,ABL_U018,0
ECHO_062,ABL_U003,0
ECHO_062,ABL_U004,1
ECHO_063,ABL_U003,0
ECHO_063,ABL_U004,1
ECHO_064,ABL_U003,0
ECHO_064,ABL_U004,1
ECHO_064,ABL_U021,0
ECHO_064,ABL_U022,0
ECHO_065,ABL_U021,1
ECHO_065,ABL_U022,0
ECHO_066,ABL_U015,0
ECHO_066,ABL_U016,0
ECHO_066,ABL_U021,1
ECHO_066,ABL_U022,0
ECHO_067,ABL_U015,0
ECHO_067,ABL_U016,0
ECHO_067,ABL_U021,1
ECHO_067,ABL_U022,0
ECHO_068,ABL_U021,0
ECHO_068,ABL_U022,0
ECHO_068,ABL_U029,0
ECHO_068,ABL_U030,1
ECHO_069,ABL_U009,0
ECHO_069,ABL_U010,1
ECHO_070,ABL_U009,0
ECHO_070,ABL_U010,1
ECHO_070,ABL_U017,0
ECHO_070,ABL_U018,0
ECHO_071,ABL_U009,0
ECHO_071,ABL_U010,1
ECHO_071,ABL_U017,0
ECHO_071,ABL_U018,0
ECHO_072,ABL_U017,1
ECHO_072,ABL_U018,0
ECHO_073,ABL_U007,0
ECHO_073,ABL_U008,0
ECHO_073,ABL_U017,1
ECHO_073,ABL_U018,0
ECHO_074,ABL_U017,1
ECHO_074,ABL_U018,0
ECHO_075,ABL_U003,1
ECHO_075,ABL_U004,0
ECHO_075,ABL_U017,0
ECHO_075,ABL_U018,0
ECHO_076,ABL_U003,0
ECHO_076,ABL_U004,1
ECHO_077,ABL_U003,0
ECHO_077,ABL_U004,1
ECHO_077,ABL_U009,0
ECHO_077,ABL_U010,0
ECHO_078,ABL_U013,1
ECHO_078,ABL_U014,0
ECHO_079,ABL_U003,0
ECHO_079,ABL_U004,0
ECHO_079,ABL_U013,1
ECHO_079,ABL_U014,0
ECHO_080,ABL_U009,1
ECHO_080,ABL_U010,0
ECHO_081,ABL_U009,0
ECHO_081,ABL_U010,0
ECHO_081,ABL_U021,0
ECHO_081,ABL_U022,1
ECHO_082,ABL_U003,0
ECHO_082,ABL_U004,0
ECHO_082,ABL_U007,1
ECHO_082,ABL_U008,0
ECHO_083,ABL_U017,0
ECHO_083,ABL_U018,0
ECHO_083,ABL_U025,0
ECHO_083,ABL_U026,1
ECHO_084,ABL_U005,0
ECHO_084,ABL_U006,1
ECHO_084,ABL_U009,0
ECHO_084,ABL_U010,0
ECHO_085,ABL_U003,1
ECHO_085,ABL_U004,0
ECHO_086,ABL_U003,1
ECHO_086,ABL_U004,0
ECHO_087,ABL_U003,1
ECHO_087,ABL_U004,0
ECHO_087,ABL_U007,0
ECHO_087,ABL_U008,0
ECHO_088,ABL_U003,0
ECHO_088,ABL_U004,1
ECHO_089,ABL_U003,0
ECHO_089,ABL_U004,1
ECHO_090,ABL_U003,0
ECHO_090,ABL_U004,1
ECHO_090,ABL_U029,0
ECHO_090,ABL_U030,0
ECHO_091,ABL_U007,1
ECHO_091,ABL_U008,0
ECHO_092,ABL_U003,0
ECHO_092,ABL_U004,0
ECHO_092,ABL_U007,1
ECHO_092,ABL_U008,0
ECHO_093,ABL_U003,0
ECHO_093,ABL_U004,0
ECHO_093,ABL_U007,1
ECHO_093,ABL_U008,0
ECHO_094,ABL_U003,1
ECHO_094,ABL_U004,0
ECHO_095,ABL_U003,1
ECHO_095,ABL_U004,0
ECHO_095,ABL_U015,0
ECHO_095,ABL_U016,0
ECHO_096,ABL_U003,1
ECHO_096,ABL_U004,0
ECHO_096,ABL_U015,0
ECHO_096,ABL_U016,0
ECHO_097,ABL_U003,0
ECHO_097,ABL_U004,0
ECHO_097,ABL_U029,0
ECHO_097,ABL_U030,1
ECHO_098,ABL_U007,0
ECHO_098,ABL_U008,1
ECHO_099,ABL_U007,0
ECHO_099,ABL_U008,1
ECHO_099,ABL_U015,0
ECHO_099,ABL_U016,0
ECHO_100,ABL_U005,0
ECHO_100,ABL_U006,1
ECHO_101,ABL_U003,0
ECHO_101,ABL_U004,0
ECHO_101,ABL_U005,0
ECHO_101,ABL_U006,1
ECHO_102,ABL_U015,0
ECHO_102,ABL_U016,1
ECHO_103,ABL_U003,0
ECHO_103,ABL_U004,0
ECHO_103,ABL_U015,0
ECHO_103,ABL_U016,1
ECHO_104,ABL_U025,0
ECHO_104,ABL_U026,1
ECHO_105,ABL_U003,0
ECHO_105,ABL_U004,0
ECHO_105,ABL_U025,0
ECHO_105,ABL_U026,1
ECHO_106,ABL_U009,1
ECHO_106,ABL_U010,0
ECHO_107,ABL_U009,1
ECHO_107,ABL_U010,0
ECHO_107,ABL_U017,0
ECHO_107,ABL_U018,0
ECHO_108,ABL_U003,0
ECHO_108,ABL_U004,0
ECHO_108,ABL_U019,0
ECHO_108,ABL_U020,1
ECHO_109,ABL_U003,0
ECHO_109,ABL_U004,0
ECHO_109,ABL_U021,1
ECHO_109,ABL_U022,0
ECHO_110,ABL_U003,0
ECHO_110,ABL_U004,0
ECHO_110,ABL_U023,0
ECHO_110,ABL_U024,1
ECHO_111,ABL_U015,1
ECHO_111,ABL_U016,0
ECHO_112,ABL_U015,1
ECHO_112,ABL_U016,0
ECHO_113,ABL_U001,0
ECHO_113,ABL_U002,0
ECHO_113,ABL_U015,1
ECHO_113,ABL_U016,0
ECHO_114,ABL_U005,0
ECHO_114,ABL_U006,1
ECHO_115,ABL_U005,0
ECHO_115,ABL_U006,1
ECHO_116,ABL_U005,0
ECHO_116,ABL_U006,1
ECHO_116,ABL_U027,0
ECHO_116,ABL_U028,0
ECHO_117,ABL_U027,1
ECHO_117,ABL_U028,0
ECHO_118,ABL_U005,1
ECHO_118,ABL_U006,0
ECHO_118,ABL_U027,0
ECHO_118,ABL_U028,0
ECHO_119,ABL_U015,1
ECHO_119,ABL_U016,0
ECHO_119,ABL_U027,0
ECHO_119,ABL_U028,0
ECHO_120,ABL_U001,1
ECHO_120,ABL_U002,0
ECHO_121,ABL_U001,1
ECHO_121,ABL_U002,0
ECHO_121,ABL_U005,0
ECHO_121,ABL_U006,0
ECHO_122,ABL_U001,1
ECHO_122,ABL_U002,0
ECHO_122,ABL_U005,0
ECHO_122,ABL_U006,0
ECHO_123,ABL_U017,1
ECHO_123,ABL_U018,0
ECHO_124,ABL_U005,0
ECHO_124,ABL_U006,0
ECHO_124,ABL_U017,1
ECHO_124,ABL_U018,0
ECHO_125,ABL_U007,1
ECHO_125,ABL_U008,0
ECHO_126,ABL_U005,0
ECHO_126,ABL_U006,0
ECHO_126,ABL_U007,1
ECHO_126,ABL_U008,0
ECHO_127,ABL_U029,0
ECHO_127,ABL_U030,1
ECHO_128,ABL_U015,0
ECHO_128,ABL_U016,0
ECHO_128,ABL_U029,0
ECHO_128,ABL_U030,1
ECHO_129,ABL_U015,0
ECHO_129,ABL_U016,1
ECHO_130,ABL_U015,0
ECHO_130,ABL_U016,1
ECHO_130,ABL_U023,0
ECHO_130,ABL_U024,0
ECHO_131,ABL_U005,0
ECHO_131,ABL_U006,1
ECHO_132,ABL_U001,0
ECHO_132,ABL_U002,0
ECHO_132,ABL_U005,0
ECHO_132,ABL_U006,1
ECHO_133,ABL_U019,0
ECHO_133,ABL_U020,1
ECHO_133,ABL_U027,0
ECHO_133,ABL_U028,0
ECHO_134,ABL_U007,0
ECHO_134,ABL_U008,0
ECHO_134,ABL_U021,1
ECHO_134,ABL_U022,0
ECHO_135,ABL_U001,1
ECHO_135,ABL_U002,0
ECHO_136,ABL_U001,1
ECHO_136,ABL_U002,0
ECHO_137,ABL_U001,1
ECHO_137,ABL_U002,0
ECHO_137,ABL_U005,0
ECHO_137,ABL_U006,0
ECHO_138,ABL_U019,0
ECHO_138,ABL_U020,1
ECHO_139,ABL_U001,0
ECHO_139,ABL_U002,0
ECHO_139,ABL_U019,0
ECHO_139,ABL_U020,1
ECHO_140,ABL_U001,0
ECHO_140,ABL_U002,0
ECHO_140,ABL_U019,0
ECHO_140,ABL_U020,1
ECHO_141,ABL_U001,1
ECHO_141,ABL_U002,0
ECHO_142,ABL_U001,1
ECHO_142,ABL_U002,0
ECHO_143,ABL_U001,1
ECHO_143,ABL_U002,0
ECHO_143,ABL_U013,0
ECHO_143,ABL_U014,0
ECHO_144,ABL_U005,0
ECHO_144,ABL_U006,1
ECHO_145,ABL_U005,0
ECHO_145,ABL_U006,1
ECHO_145,ABL_U023,0
ECHO_145,ABL_U024,0
ECHO_146,ABL_U005,0
ECHO_146,ABL_U006,1
ECHO_146,ABL_U023,0
ECHO_146,ABL_U024,0
ECHO_147,ABL_U001,1
ECHO_147,ABL_U002,0
ECHO_148,ABL_U001,1
ECHO_148,ABL_U002,0
ECHO_148,ABL_U027,0
ECHO_148,ABL_U028,0
ECHO_149,ABL_U013,0
ECHO_149,ABL_U014,1
ECHO_150,ABL_U001,0
ECHO_150,ABL_U002,0
ECHO_150,ABL_U013,0
ECHO_150,ABL_U014,1
ECHO_151,ABL_U023,0
ECHO_151,ABL_U024,1
ECHO_152,ABL_U001,0
ECHO_152,ABL_U002,0
ECHO_152,ABL_U023,0
ECHO_152,ABL_U024,1
ECHO_153,ABL_U007,1
ECHO_153,ABL_U008,0
ECHO_154,ABL_U007,0
ECHO_154,ABL_U008,0
ECHO_154,ABL_U019,1
ECHO_154,ABL_U020,0
ECHO_155,ABL_U005,0
ECHO_155,ABL_U006,0
ECHO_155,ABL_U025,0
ECHO_155,ABL_U026,1
ECHO_156,ABL_U001,0
ECHO_156,ABL_U002,0
ECHO_156,ABL_U027,1
ECHO_156,ABL_U028,0
ECHO_157,ABL_U011,1
ECHO_157,ABL_U012,0
ECHO_158,ABL_U011,1
ECHO_158,ABL_U012,0
ECHO_159,ABL_U011,1
ECHO_159,ABL_U012,0
ECHO_159,ABL_U015,0
ECHO_159,ABL_U016,0
ECHO_160,ABL_U011,0
ECHO_160,ABL_U012,1
ECHO_161,ABL_U005,0
ECHO_161,ABL_U006,0
ECHO_161,ABL_U011,0
ECHO_161,ABL_U012,1
ECHO_162,ABL_U005,0
ECHO_162,ABL_U006,0
ECHO_162,ABL_U011,0
ECHO_162,ABL_U012,1
ECHO_163,ABL_U011,1
ECHO_163,ABL_U012,0
ECHO_164,ABL_U011,1
ECHO_164,ABL_U012,0
ECHO_164,ABL_U021,0
ECHO_164,ABL_U022,0
ECHO_165,ABL_U011,1
ECHO_165,ABL_U012,0
ECHO_165,ABL_U021,0
ECHO_165,ABL_U022,0
ECHO_166,ABL_U011,0
ECHO_166,ABL_U012,0
ECHO_166,ABL_U013,0
ECHO_166,ABL_U014,1
ECHO_167,ABL_U015,0
ECHO_167,ABL_U016,1
ECHO_168,ABL_U011,0
ECHO_168,ABL_U012,0
ECHO_168,ABL_U015,0
ECHO_168,ABL_U016,1
ECHO_169,ABL_U015,0
ECHO_169,ABL_U016,1
ECHO_169,ABL_U025,0
ECHO_169,ABL_U026,0
ECHO_170,ABL_U005,0
ECHO_170,ABL_U006,1
ECHO_171,ABL_U005,0
ECHO_171,ABL_U006,1
ECHO_171,ABL_U011,0
ECHO_171,ABL_U012,0
ECHO_172,ABL_U021,1
ECHO_172,ABL_U022,0
ECHO_173,ABL_U021,1
ECHO_173,ABL_U022,0
ECHO_173,ABL_U025,0
ECHO_173,ABL_U026,0
ECHO_174,ABL_U025,1
ECHO_174,ABL_U026,0
ECHO_175,ABL_U005,0
ECHO_175,ABL_U006,0
ECHO_175,ABL_U025,1
ECHO_175,ABL_U026,0
ECHO_176,ABL_U023,0
ECHO_176,ABL_U024,1
ECHO_177,ABL_U007,0
ECHO_177,ABL_U008,1
ECHO_177,ABL_U023,0
ECHO_177,ABL_U024,0
ECHO_178,ABL_U011,0
ECHO_178,ABL_U012,0
ECHO_178,ABL_U013,1
ECHO_178,ABL_U014,0
ECHO_179,ABL_U029,1
ECHO_179,ABL_U030,0
ECHO_180,ABL_U029,1
ECHO_180,ABL_U030,0
ECHO_181,ABL_U015,0
ECHO_181,ABL_U016,0
ECHO_181,ABL_U029,1
ECHO_181,ABL_U030,0
ECHO_182,ABL_U029,0
ECHO_182,ABL_U030,1
ECHO_183,ABL_U021,0
ECHO_183,ABL_U022,1
ECHO_183,ABL_U029,0
ECHO_183,ABL_U030,0
ECHO_184,ABL_U019,0
ECHO_184,ABL_U020,0
ECHO_184,ABL_U021,0
ECHO_184,ABL_U022,1
ECHO_185,ABL_U019,0
ECHO_185,ABL_U020,1
ECHO_186,ABL_U019,0
ECHO_186,ABL_U020,1
ECHO_186,ABL_U029,0
ECHO_186,ABL_U030,0
ECHO_187,ABL_U019,0
ECHO_187,ABL_U020,1
ECHO_187,ABL_U027,0
ECHO_187,ABL_U028,0
ECHO_188,ABL_U021,1
ECHO_188,ABL_U022,0
ECHO_189,ABL_U005,0
ECHO_189,ABL_U006,0
ECHO_189,ABL_U021,1
ECHO_189,ABL_U022,0
ECHO_190,ABL_U021,1
ECHO_190,ABL_U022,0
ECHO_190,ABL_U029,0
ECHO_190,ABL_U030,0
ECHO_191,ABL_U013,0
ECHO_191,ABL_U014,1
ECHO_192,ABL_U013,0
ECHO_192,ABL_U014,1
ECHO_192,ABL_U029,0
ECHO_192,ABL_U030,0
ECHO_193,ABL_U025,0
ECHO_193,ABL_U026,1
ECHO_194,ABL_U021,0
ECHO_194,ABL_U022,0
ECHO_194,ABL_U025,0
ECHO_194,ABL_U026,1
ECHO_195,ABL_U015,1
ECHO_195,ABL_U016,0
ECHO_196,ABL_U015,0
ECHO_196,ABL_U016,0
ECHO_196,ABL_U027,1
ECHO_196,ABL_U028,0
ECHO_197,ABL_U005,0
ECHO_197,ABL_U006,1
ECHO_197,ABL_U029,0
ECHO_197,ABL_U030,0
ECHO_198,ABL_U019,0
ECHO_198,ABL_U020,0
ECHO_198,ABL_U029,1
ECHO_198,ABL_U030,0
ECHO_199,ABL_U023,1
ECHO_199,ABL_U024,0
ECHO_200,ABL_U023,1
ECHO_200,ABL_U024,0
ECHO_200,ABL_U025,0
ECHO_200,ABL_U026,0
ECHO_201,ABL_U023,1
ECHO_201,ABL_U024,0
ECHO_201,ABL_U025,0
ECHO_201,ABL_U026,0
ECHO_202,ABL_U013,1
ECHO_202,ABL_U014,0
ECHO_202,ABL_U023,0
ECHO_202,ABL_U024,0
ECHO_203,ABL_U023,0
ECHO_203,ABL_U024,1
ECHO_204,ABL_U005,0
ECHO_204,ABL_U006,0
ECHO_204,ABL_U023,0
ECHO_204,ABL_U024,1
ECHO_205,ABL_U023,0
ECHO_205,ABL_U024,1
ECHO_205,ABL_U027,0
ECHO_205,ABL_U028,0
ECHO_206,ABL_U027,1
ECHO_206,ABL_U028,0
ECHO_207,ABL_U013,1
ECHO_207,ABL_U014,0
ECHO_207,ABL_U027,0
ECHO_207,ABL_U028,0
ECHO_208,ABL_U023,1
ECHO_208,ABL_U024,0
ECHO_208,ABL_U027,0
ECHO_208,ABL_U028,0
ECHO_209,ABL_U023,1
ECHO_209,ABL_U024,0
ECHO_210,ABL_U015,0
ECHO_210,ABL_U016,0
ECHO_210,ABL_U023,1
ECHO_210,ABL_U024,0
ECHO_211,ABL_U019,1
ECHO_211,ABL_U020,0
ECHO_212,ABL_U005,0
ECHO_212,ABL_U006,0
ECHO_212,ABL_U019,1
ECHO_212,ABL_U020,0
ECHO_213,ABL_U013,1
ECHO_213,ABL_U014,0
ECHO_214,ABL_U013,1
ECHO_214,ABL_U014,0
ECHO_214,ABL_U023,0
ECHO_214,ABL_U024,0
ECHO_215,ABL_U029,0
ECHO_215,ABL_U030,1
ECHO_216,ABL_U023,0
ECHO_216,ABL_U024,0
ECHO_216,ABL_U029,0
ECHO_216,ABL_U030,1
ECHO_217,ABL_U013,1
ECHO_217,ABL_U014,0
ECHO_217,ABL_U017,0
ECHO_217,ABL_U018,0
ECHO_218,ABL_U023,0
ECHO_218,ABL_U024,0
ECHO_218,ABL_U025,0
ECHO_218,ABL_U026,1
ECHO_219,ABL_U007,0
ECHO_219,ABL_U008,1
ECHO_220,ABL_U007,0
ECHO_220,ABL_U008,1
ECHO_220,ABL_U025,0
ECHO_220,ABL_U026,0
ECHO_221,ABL_U007,0
ECHO_221,ABL_U008,1
ECHO_221,ABL_U027,0
ECHO_221,ABL_U028,0
ECHO_222,ABL_U007,1
ECHO_222,ABL_U008,0
ECHO_223,ABL_U007,1
ECHO_223,ABL_U008,0
ECHO_223,ABL_U015,0
ECHO_223,ABL_U016,0
ECHO_224,ABL_U007,1
ECHO_224,ABL_U008,0
ECHO_224,ABL_U015,0
ECHO_224,ABL_U016,0
ECHO_225,ABL_U015,0
ECHO_225,ABL_U016,1
ECHO_226,ABL_U007,0
ECHO_226,ABL_U008,0
ECHO_226,ABL_U015,0
ECHO_226,ABL_U016,1
ECHO_227,ABL_U015,0
ECHO_227,ABL_U016,1
ECHO_227,ABL_U025,0
ECHO_227,ABL_U026,0
ECHO_228,ABL_U013,0
ECHO_228,ABL_U014,1
ECHO_228,ABL_U015,0
ECHO_228,ABL_U016,0
ECHO_229,ABL_U025,0
ECHO_229,ABL_U026,1
ECHO_230,ABL_U007,0
ECHO_230,ABL_U008,0
ECHO_230,ABL_U025,0
ECHO_230,ABL_U026,1
ECHO_231,ABL_U025,1
ECHO_231,ABL_U026,0
ECHO_232,ABL_U015,0
ECHO_232,ABL_U016,0
ECHO_232,ABL_U025,1
ECHO_232,ABL_U026,0
ECHO_233,ABL_U027,1
ECHO_233,ABL_U028,0
ECHO_234,ABL_U005,1
ECHO_234,ABL_U006,0
ECHO_234,ABL_U027,0
ECHO_234,ABL_U028,0
ECHO_235,ABL_U027,1
ECHO_235,ABL_U028,0
ECHO_236,ABL_U027,0
ECHO_236,ABL_U028,0
ECHO_236,ABL_U029,0
ECHO_236,ABL_U030,1
ECHO_237,ABL_U011,1
ECHO_237,ABL_U012,0
ECHO_238,ABL_U007,0
ECHO_238,ABL_U008,0
ECHO_238,ABL_U023,1
ECHO_238,ABL_U024,0
ECHO_239,ABL_U007,0
ECHO_239,ABL_U008,0
ECHO_239,ABL_U015,0
ECHO_239,ABL_U016,1
ECHO_240,ABL_U015,0
ECHO_240,ABL_U016,0
ECHO_240,ABL_U029,1
ECHO_240,ABL_U030,0
ECHO_241,ABL_U009,1
ECHO_241,ABL_U010,0
ECHO_241,ABL_U025,0
ECHO_241,ABL_U026,0
ECHO_242,ABL_U005,0
ECHO_242,ABL_U006,1
ECHO_242,ABL_U027,0
ECHO_242,ABL_U028,0
ECHO_243,ABL_U017,1
ECHO_243,ABL_U018,0
ECHO_243,ABL_U021,0
ECHO_243,ABL_U022,0
ECHO_244,ABL_U003,1
ECHO_244,ABL_U004,0
ECHO_244,ABL_U007,0
ECHO_244,ABL_U008,0
ECHO_245,ABL_U015,1
ECHO_245,ABL_U016,0
ECHO_245,ABL_U029,0
ECHO_245,ABL_U030,0
ECHO_246,ABL_U001,1
ECHO_246,ABL_U002,0
ECHO_246,ABL_U019,0
ECHO_246,ABL_U020,0
ECHO_247,ABL_U011,0
ECHO_247,ABL_U012,1
ECHO_247,ABL_U015,0
ECHO_247,ABL_U016,0
ECHO_248,ABL_U021,0
ECHO_248,ABL_U022,1
ECHO_248,ABL_U029,0
ECHO_248,ABL_U030,0
ECHO_249,ABL_U023,1
ECHO_249,ABL_U024,0
ECHO_249,ABL_U025,0
ECHO_249,ABL_U026,0
ECHO_250,ABL_U015,0
ECHO_250,ABL_U016,0
ECHO_250,ABL_U025,0
ECHO_250,ABL_U026,1
ECHO_251,ABL_U013,0
ECHO_251,ABL_U014,1
ECHO_251,ABL_U027,0
ECHO_251,ABL_U028,0
ECHO_252,ABL_U025,1
ECHO_252,ABL_U026,0
ECHO_252,ABL_U029,0
ECHO_252,ABL_U030,0
ECHO_253,ABL_U021,0
ECHO_253,ABL_U022,0
ECHO_253,ABL_U023,0
ECHO_253,ABL_U024,1
ECHO_254,ABL_U009,1
ECHO_254,ABL_U010,0
ECHO_254,ABL_U017,0
ECHO_254,ABL_U018,0
ECHO_255,ABL_U019,0
ECHO_255,ABL_U020,0
ECHO_255,ABL_U027,1
ECHO_255,ABL_U028,0
ECHO_256,ABL_U013,0
ECHO_256,ABL_U014,0
ECHO_256,ABL_U015,1
ECHO_256,ABL_U016,0
