# Passiv-Optionen (K29): 1–3 sichtbare + 1 versteckte; Legendäre/Mythische: Feldklang.
Species,Ability,Hidden
ECHO_001,ABL_P025,0
ECHO_001,ABL_P026,0
ECHO_001,ABL_P070,1
ECHO_002,ABL_P019,0
ECHO_002,ABL_P025,0
ECHO_002,ABL_P026,0
ECHO_002,ABL_P070,1
ECHO_003,ABL_P025,0
ECHO_003,ABL_P026,0
ECHO_003,ABL_P073,0
ECHO_003,ABL_P070,1
ECHO_004,ABL_P015,0
ECHO_004,ABL_P046,1
ECHO_005,ABL_P015,0
ECHO_005,ABL_P046,1
ECHO_006,ABL_P081,0
ECHO_006,ABL_P080,0
ECHO_006,ABL_P046,1
ECHO_007,ABL_P023,0
ECHO_007,ABL_P085,1
ECHO_008,ABL_P023,0
ECHO_008,ABL_P085,1
ECHO_009,ABL_P023,0
ECHO_009,ABL_P024,0
ECHO_009,ABL_P085,1
ECHO_010,ABL_P074,0
ECHO_010,ABL_P050,1
ECHO_011,ABL_P074,0
ECHO_011,ABL_P050,1
ECHO_012,ABL_P074,0
ECHO_012,ABL_P073,0
ECHO_012,ABL_P050,1
ECHO_013,ABL_P074,0
ECHO_013,ABL_P073,0
ECHO_013,ABL_P050,1
ECHO_014,ABL_P029,0
ECHO_014,ABL_P025,0
ECHO_014,ABL_P073,1
ECHO_015,ABL_P029,0
ECHO_015,ABL_P025,0
ECHO_015,ABL_P073,1
ECHO_016,ABL_P043,0
ECHO_016,ABL_P029,0
ECHO_016,ABL_P046,0
ECHO_016,ABL_P073,1
ECHO_017,ABL_P087,0
ECHO_017,ABL_P089,0
ECHO_017,ABL_P090,0
ECHO_017,ABL_P073,1
ECHO_018,ABL_P045,0
ECHO_018,ABL_P027,1
ECHO_019,ABL_P064,0
ECHO_019,ABL_P045,0
ECHO_019,ABL_P027,1
ECHO_020,ABL_P064,0
ECHO_020,ABL_P045,0
ECHO_020,ABL_P027,1
ECHO_021,ABL_P011,0
ECHO_021,ABL_P024,1
ECHO_022,ABL_P011,0
ECHO_022,ABL_P010,0
ECHO_022,ABL_P024,1
ECHO_023,ABL_P051,0
ECHO_023,ABL_P059,1
ECHO_024,ABL_P051,0
ECHO_024,ABL_P050,0
ECHO_024,ABL_P059,1
ECHO_025,ABL_P020,0
ECHO_025,ABL_P024,0
ECHO_025,ABL_P043,1
ECHO_026,ABL_P020,0
ECHO_026,ABL_P024,0
ECHO_026,ABL_P021,0
ECHO_026,ABL_P043,1
ECHO_027,ABL_P028,0
ECHO_027,ABL_P026,0
ECHO_027,ABL_P044,1
ECHO_028,ABL_P052,0
ECHO_028,ABL_P049,0
ECHO_028,ABL_P028,0
ECHO_028,ABL_P044,1
ECHO_029,ABL_P016,0
ECHO_029,ABL_P080,1
ECHO_030,ABL_P016,0
ECHO_030,ABL_P082,0
ECHO_030,ABL_P070,1
ECHO_031,ABL_P056,0
ECHO_031,ABL_P057,0
ECHO_031,ABL_P031,1
ECHO_032,ABL_P002,0
ECHO_032,ABL_P086,1
ECHO_033,ABL_P016,0
ECHO_033,ABL_P044,1
ECHO_034,ABL_P016,0
ECHO_034,ABL_P044,1
ECHO_035,ABL_P059,0
ECHO_035,ABL_P055,0
ECHO_035,ABL_P044,1
ECHO_036,ABL_P081,0
ECHO_036,ABL_P079,0
ECHO_036,ABL_P044,1
ECHO_037,ABL_P083,0
ECHO_037,ABL_P017,1
ECHO_038,ABL_P083,0
ECHO_038,ABL_P015,0
ECHO_038,ABL_P039,1
ECHO_039,ABL_P083,0
ECHO_039,ABL_P017,1
ECHO_040,ABL_P059,0
ECHO_040,ABL_P001,1
ECHO_041,ABL_P015,0
ECHO_041,ABL_P059,0
ECHO_041,ABL_P001,1
ECHO_042,ABL_P015,0
ECHO_042,ABL_P059,0
ECHO_042,ABL_P001,1
ECHO_043,ABL_P019,0
ECHO_043,ABL_P028,1
ECHO_044,ABL_P019,0
ECHO_044,ABL_P028,1
ECHO_045,ABL_P059,0
ECHO_045,ABL_P019,0
ECHO_045,ABL_P028,1
ECHO_046,ABL_P016,0
ECHO_046,ABL_P015,0
ECHO_046,ABL_P081,1
ECHO_047,ABL_P016,0
ECHO_047,ABL_P015,0
ECHO_047,ABL_P017,0
ECHO_047,ABL_P081,1
ECHO_048,ABL_P013,0
ECHO_048,ABL_P016,0
ECHO_048,ABL_P090,1
ECHO_049,ABL_P013,0
ECHO_049,ABL_P016,0
ECHO_049,ABL_P009,0
ECHO_049,ABL_P090,1
ECHO_050,ABL_P035,0
ECHO_050,ABL_P088,1
ECHO_051,ABL_P020,0
ECHO_051,ABL_P024,0
ECHO_051,ABL_P088,1
ECHO_052,ABL_P067,0
ECHO_052,ABL_P068,0
ECHO_052,ABL_P086,1
ECHO_053,ABL_P067,0
ECHO_053,ABL_P068,0
ECHO_053,ABL_P069,0
ECHO_053,ABL_P086,1
ECHO_054,ABL_P003,0
ECHO_054,ABL_P004,0
ECHO_054,ABL_P051,1
ECHO_055,ABL_P003,0
ECHO_055,ABL_P004,0
ECHO_055,ABL_P002,0
ECHO_055,ABL_P051,1
ECHO_056,ABL_P061,0
ECHO_056,ABL_P065,0
ECHO_056,ABL_P088,1
ECHO_057,ABL_P073,0
ECHO_057,ABL_P076,0
ECHO_057,ABL_P016,1
ECHO_058,ABL_P015,0
ECHO_058,ABL_P016,0
ECHO_058,ABL_P037,1
ECHO_059,ABL_P051,0
ECHO_059,ABL_P032,1
ECHO_060,ABL_P051,0
ECHO_060,ABL_P050,0
ECHO_060,ABL_P032,1
ECHO_061,ABL_P051,0
ECHO_061,ABL_P050,0
ECHO_061,ABL_P032,1
ECHO_062,ABL_P010,0
ECHO_062,ABL_P022,1
ECHO_063,ABL_P010,0
ECHO_063,ABL_P022,1
ECHO_064,ABL_P064,0
ECHO_064,ABL_P061,0
ECHO_064,ABL_P022,1
ECHO_065,ABL_P062,0
ECHO_065,ABL_P021,1
ECHO_066,ABL_P062,0
ECHO_066,ABL_P063,0
ECHO_066,ABL_P021,1
ECHO_067,ABL_P062,0
ECHO_067,ABL_P063,0
ECHO_067,ABL_P021,1
ECHO_068,ABL_P090,0
ECHO_068,ABL_P088,0
ECHO_068,ABL_P021,1
ECHO_069,ABL_P026,0
ECHO_069,ABL_P045,1
ECHO_070,ABL_P026,0
ECHO_070,ABL_P028,0
ECHO_070,ABL_P045,1
ECHO_071,ABL_P026,0
ECHO_071,ABL_P028,0
ECHO_071,ABL_P045,1
ECHO_072,ABL_P051,0
ECHO_072,ABL_P034,1
ECHO_073,ABL_P051,0
ECHO_073,ABL_P023,0
ECHO_073,ABL_P034,1
ECHO_074,ABL_P050,0
ECHO_074,ABL_P051,0
ECHO_074,ABL_P025,1
ECHO_075,ABL_P010,0
ECHO_075,ABL_P008,0
ECHO_075,ABL_P007,0
ECHO_075,ABL_P025,1
ECHO_076,ABL_P010,0
ECHO_076,ABL_P019,1
ECHO_077,ABL_P010,0
ECHO_077,ABL_P026,0
ECHO_077,ABL_P019,1
ECHO_078,ABL_P038,0
ECHO_078,ABL_P033,1
ECHO_079,ABL_P010,0
ECHO_079,ABL_P038,0
ECHO_079,ABL_P033,1
ECHO_080,ABL_P025,0
ECHO_080,ABL_P070,1
ECHO_081,ABL_P065,0
ECHO_081,ABL_P025,0
ECHO_081,ABL_P070,1
ECHO_082,ABL_P007,0
ECHO_082,ABL_P011,0
ECHO_082,ABL_P065,1
ECHO_083,ABL_P075,0
ECHO_083,ABL_P049,0
ECHO_083,ABL_P074,0
ECHO_083,ABL_P056,1
ECHO_084,ABL_P017,0
ECHO_084,ABL_P026,0
ECHO_084,ABL_P014,0
ECHO_084,ABL_P069,1
ECHO_085,ABL_P009,0
ECHO_085,ABL_P010,0
ECHO_085,ABL_P029,1
ECHO_086,ABL_P009,0
ECHO_086,ABL_P010,0
ECHO_086,ABL_P029,1
ECHO_087,ABL_P024,0
ECHO_087,ABL_P009,0
ECHO_087,ABL_P023,0
ECHO_087,ABL_P029,1
ECHO_088,ABL_P008,0
ECHO_088,ABL_P010,0
ECHO_088,ABL_P020,1
ECHO_089,ABL_P008,0
ECHO_089,ABL_P010,0
ECHO_089,ABL_P020,1
ECHO_090,ABL_P008,0
ECHO_090,ABL_P010,0
ECHO_090,ABL_P089,0
ECHO_090,ABL_P020,1
ECHO_091,ABL_P020,0
ECHO_091,ABL_P024,0
ECHO_091,ABL_P004,1
ECHO_092,ABL_P020,0
ECHO_092,ABL_P024,0
ECHO_092,ABL_P023,0
ECHO_092,ABL_P004,1
ECHO_093,ABL_P020,0
ECHO_093,ABL_P024,0
ECHO_093,ABL_P023,0
ECHO_093,ABL_P004,1
ECHO_094,ABL_P008,0
ECHO_094,ABL_P009,0
ECHO_094,ABL_P043,1
ECHO_095,ABL_P008,0
ECHO_095,ABL_P009,0
ECHO_095,ABL_P046,0
ECHO_095,ABL_P023,1
ECHO_096,ABL_P008,0
ECHO_096,ABL_P009,0
ECHO_096,ABL_P046,0
ECHO_096,ABL_P023,1
ECHO_097,ABL_P090,0
ECHO_097,ABL_P008,0
ECHO_097,ABL_P009,0
ECHO_097,ABL_P043,1
ECHO_098,ABL_P021,0
ECHO_098,ABL_P023,0
ECHO_098,ABL_P062,1
ECHO_099,ABL_P045,0
ECHO_099,ABL_P043,0
ECHO_099,ABL_P046,0
ECHO_099,ABL_P062,1
ECHO_100,ABL_P014,0
ECHO_100,ABL_P016,0
ECHO_100,ABL_P090,1
ECHO_101,ABL_P014,0
ECHO_101,ABL_P016,0
ECHO_101,ABL_P013,0
ECHO_101,ABL_P090,1
ECHO_102,ABL_P046,0
ECHO_102,ABL_P044,0
ECHO_102,ABL_P040,1
ECHO_103,ABL_P011,0
ECHO_103,ABL_P046,0
ECHO_103,ABL_P008,0
ECHO_103,ABL_P040,1
ECHO_104,ABL_P075,0
ECHO_104,ABL_P074,0
ECHO_104,ABL_P010,1
ECHO_105,ABL_P011,0
ECHO_105,ABL_P008,0
ECHO_105,ABL_P010,0
ECHO_105,ABL_P001,1
ECHO_106,ABL_P026,0
ECHO_106,ABL_P029,0
ECHO_106,ABL_P082,1
ECHO_107,ABL_P026,0
ECHO_107,ABL_P029,0
ECHO_107,ABL_P052,0
ECHO_107,ABL_P082,1
ECHO_108,ABL_P008,0
ECHO_108,ABL_P055,0
ECHO_108,ABL_P057,0
ECHO_108,ABL_P043,1
ECHO_109,ABL_P065,0
ECHO_109,ABL_P063,0
ECHO_109,ABL_P062,0
ECHO_109,ABL_P038,1
ECHO_110,ABL_P011,0
ECHO_110,ABL_P008,0
ECHO_110,ABL_P061,1
ECHO_111,ABL_P045,0
ECHO_111,ABL_P089,1
ECHO_112,ABL_P045,0
ECHO_112,ABL_P089,1
ECHO_113,ABL_P004,0
ECHO_113,ABL_P005,0
ECHO_113,ABL_P089,1
ECHO_114,ABL_P016,0
ECHO_114,ABL_P017,0
ECHO_114,ABL_P041,1
ECHO_115,ABL_P016,0
ECHO_115,ABL_P017,0
ECHO_115,ABL_P041,1
ECHO_116,ABL_P079,0
ECHO_116,ABL_P081,0
ECHO_116,ABL_P016,0
ECHO_116,ABL_P041,1
ECHO_117,ABL_P082,0
ECHO_117,ABL_P064,1
ECHO_118,ABL_P017,0
ECHO_118,ABL_P082,0
ECHO_118,ABL_P064,1
ECHO_119,ABL_P082,0
ECHO_119,ABL_P044,0
ECHO_119,ABL_P064,1
ECHO_120,ABL_P001,0
ECHO_120,ABL_P022,1
ECHO_121,ABL_P001,0
ECHO_121,ABL_P014,0
ECHO_121,ABL_P022,1
ECHO_122,ABL_P001,0
ECHO_122,ABL_P014,0
ECHO_122,ABL_P022,1
ECHO_123,ABL_P052,0
ECHO_123,ABL_P051,0
ECHO_123,ABL_P058,1
ECHO_124,ABL_P052,0
ECHO_124,ABL_P014,0
ECHO_124,ABL_P051,0
ECHO_124,ABL_P058,1
ECHO_125,ABL_P019,0
ECHO_125,ABL_P003,1
ECHO_126,ABL_P019,0
ECHO_126,ABL_P016,0
ECHO_126,ABL_P003,1
ECHO_127,ABL_P087,0
ECHO_127,ABL_P089,0
ECHO_127,ABL_P057,1
ECHO_128,ABL_P046,0
ECHO_128,ABL_P087,0
ECHO_128,ABL_P089,0
ECHO_128,ABL_P057,1
ECHO_129,ABL_P044,0
ECHO_129,ABL_P033,1
ECHO_130,ABL_P044,0
ECHO_130,ABL_P068,0
ECHO_130,ABL_P033,1
ECHO_131,ABL_P014,0
ECHO_131,ABL_P017,0
ECHO_131,ABL_P019,1
ECHO_132,ABL_P014,0
ECHO_132,ABL_P001,0
ECHO_132,ABL_P002,0
ECHO_132,ABL_P019,1
ECHO_133,ABL_P079,0
ECHO_133,ABL_P082,0
ECHO_133,ABL_P015,1
ECHO_134,ABL_P020,0
ECHO_134,ABL_P062,0
ECHO_134,ABL_P024,0
ECHO_134,ABL_P002,1
ECHO_135,ABL_P003,0
ECHO_135,ABL_P002,0
ECHO_135,ABL_P060,1
ECHO_136,ABL_P003,0
ECHO_136,ABL_P002,0
ECHO_136,ABL_P060,1
ECHO_137,ABL_P015,0
ECHO_137,ABL_P003,0
ECHO_137,ABL_P016,0
ECHO_137,ABL_P060,1
ECHO_138,ABL_P060,0
ECHO_138,ABL_P059,0
ECHO_138,ABL_P024,1
ECHO_139,ABL_P060,0
ECHO_139,ABL_P059,0
ECHO_139,ABL_P005,0
ECHO_139,ABL_P024,1
ECHO_140,ABL_P060,0
ECHO_140,ABL_P059,0
ECHO_140,ABL_P005,0
ECHO_140,ABL_P024,1
ECHO_141,ABL_P005,0
ECHO_141,ABL_P003,0
ECHO_141,ABL_P010,1
ECHO_142,ABL_P005,0
ECHO_142,ABL_P003,0
ECHO_142,ABL_P010,1
ECHO_143,ABL_P005,0
ECHO_143,ABL_P003,0
ECHO_143,ABL_P041,0
ECHO_143,ABL_P010,1
ECHO_144,ABL_P016,0
ECHO_144,ABL_P013,0
ECHO_144,ABL_P019,1
ECHO_145,ABL_P067,0
ECHO_145,ABL_P016,0
ECHO_145,ABL_P013,0
ECHO_145,ABL_P019,1
ECHO_146,ABL_P067,0
ECHO_146,ABL_P016,0
ECHO_146,ABL_P013,0
ECHO_146,ABL_P019,1
ECHO_147,ABL_P002,0
ECHO_147,ABL_P083,1
ECHO_148,ABL_P002,0
ECHO_148,ABL_P081,0
ECHO_148,ABL_P039,1
ECHO_149,ABL_P039,0
ECHO_149,ABL_P037,0
ECHO_149,ABL_P056,1
ECHO_150,ABL_P039,0
ECHO_150,ABL_P037,0
ECHO_150,ABL_P001,0
ECHO_150,ABL_P056,1
ECHO_151,ABL_P067,0
ECHO_151,ABL_P069,0
ECHO_151,ABL_P026,1
ECHO_152,ABL_P001,0
ECHO_152,ABL_P002,0
ECHO_152,ABL_P003,0
ECHO_152,ABL_P026,1
ECHO_153,ABL_P020,0
ECHO_153,ABL_P043,1
ECHO_154,ABL_P056,0
ECHO_154,ABL_P058,0
ECHO_154,ABL_P043,1
ECHO_155,ABL_P015,0
ECHO_155,ABL_P075,0
ECHO_155,ABL_P014,0
ECHO_155,ABL_P062,1
ECHO_156,ABL_P083,0
ECHO_156,ABL_P005,0
ECHO_156,ABL_P080,0
ECHO_156,ABL_P040,1
ECHO_157,ABL_P032,0
ECHO_157,ABL_P043,1
ECHO_158,ABL_P032,0
ECHO_158,ABL_P043,1
ECHO_159,ABL_P032,0
ECHO_159,ABL_P033,0
ECHO_159,ABL_P039,1
ECHO_160,ABL_P033,0
ECHO_160,ABL_P058,1
ECHO_161,ABL_P016,0
ECHO_161,ABL_P017,0
ECHO_161,ABL_P058,1
ECHO_162,ABL_P016,0
ECHO_162,ABL_P017,0
ECHO_162,ABL_P058,1
ECHO_163,ABL_P034,0
ECHO_163,ABL_P032,0
ECHO_163,ABL_P027,1
ECHO_164,ABL_P034,0
ECHO_164,ABL_P063,0
ECHO_164,ABL_P032,0
ECHO_164,ABL_P027,1
ECHO_165,ABL_P034,0
ECHO_165,ABL_P063,0
ECHO_165,ABL_P032,0
ECHO_165,ABL_P027,1
ECHO_166,ABL_P037,0
ECHO_166,ABL_P034,0
ECHO_166,ABL_P038,0
ECHO_166,ABL_P027,1
ECHO_167,ABL_P044,0
ECHO_167,ABL_P043,0
ECHO_167,ABL_P015,1
ECHO_168,ABL_P035,0
ECHO_168,ABL_P031,0
ECHO_168,ABL_P033,0
ECHO_168,ABL_P015,1
ECHO_169,ABL_P074,0
ECHO_169,ABL_P075,0
ECHO_169,ABL_P073,0
ECHO_169,ABL_P015,1
ECHO_170,ABL_P016,0
ECHO_170,ABL_P008,1
ECHO_171,ABL_P016,0
ECHO_171,ABL_P031,0
ECHO_171,ABL_P008,1
ECHO_172,ABL_P062,0
ECHO_172,ABL_P011,1
ECHO_173,ABL_P062,0
ECHO_173,ABL_P064,0
ECHO_173,ABL_P011,1
ECHO_174,ABL_P074,0
ECHO_174,ABL_P075,0
ECHO_174,ABL_P028,1
ECHO_175,ABL_P074,0
ECHO_175,ABL_P015,0
ECHO_175,ABL_P075,0
ECHO_175,ABL_P028,1
ECHO_176,ABL_P070,0
ECHO_176,ABL_P067,0
ECHO_176,ABL_P001,1
ECHO_177,ABL_P021,0
ECHO_177,ABL_P019,0
ECHO_177,ABL_P024,0
ECHO_177,ABL_P001,1
ECHO_178,ABL_P038,0
ECHO_178,ABL_P031,0
ECHO_178,ABL_P073,1
ECHO_179,ABL_P086,0
ECHO_179,ABL_P090,0
ECHO_179,ABL_P009,1
ECHO_180,ABL_P086,0
ECHO_180,ABL_P090,0
ECHO_180,ABL_P009,1
ECHO_181,ABL_P086,0
ECHO_181,ABL_P090,0
ECHO_181,ABL_P046,0
ECHO_181,ABL_P009,1
ECHO_182,ABL_P089,0
ECHO_182,ABL_P088,0
ECHO_182,ABL_P057,1
ECHO_183,ABL_P065,0
ECHO_183,ABL_P089,0
ECHO_183,ABL_P088,0
ECHO_183,ABL_P057,1
ECHO_184,ABL_P065,0
ECHO_184,ABL_P058,0
ECHO_184,ABL_P061,0
ECHO_184,ABL_P073,1
ECHO_185,ABL_P060,0
ECHO_185,ABL_P013,1
ECHO_186,ABL_P060,0
ECHO_186,ABL_P089,0
ECHO_186,ABL_P013,1
ECHO_187,ABL_P060,0
ECHO_187,ABL_P080,0
ECHO_187,ABL_P013,1
ECHO_188,ABL_P061,0
ECHO_188,ABL_P040,1
ECHO_189,ABL_P061,0
ECHO_189,ABL_P015,0
ECHO_189,ABL_P040,1
ECHO_190,ABL_P089,0
ECHO_190,ABL_P061,0
ECHO_190,ABL_P040,1
ECHO_191,ABL_P041,0
ECHO_191,ABL_P040,0
ECHO_191,ABL_P067,1
ECHO_192,ABL_P041,0
ECHO_192,ABL_P040,0
ECHO_192,ABL_P088,0
ECHO_192,ABL_P067,1
ECHO_193,ABL_P074,0
ECHO_193,ABL_P076,0
ECHO_193,ABL_P055,1
ECHO_194,ABL_P074,0
ECHO_194,ABL_P064,0
ECHO_194,ABL_P061,0
ECHO_194,ABL_P055,1
ECHO_195,ABL_P046,0
ECHO_195,ABL_P044,0
ECHO_195,ABL_P069,1
ECHO_196,ABL_P080,0
ECHO_196,ABL_P046,0
ECHO_196,ABL_P044,0
ECHO_196,ABL_P069,1
ECHO_197,ABL_P088,0
ECHO_197,ABL_P090,0
ECHO_197,ABL_P027,1
ECHO_198,ABL_P060,0
ECHO_198,ABL_P059,0
ECHO_198,ABL_P089,0
ECHO_198,ABL_P005,1
ECHO_199,ABL_P069,0
ECHO_199,ABL_P068,0
ECHO_199,ABL_P009,1
ECHO_200,ABL_P074,0
ECHO_200,ABL_P069,0
ECHO_200,ABL_P068,0
ECHO_200,ABL_P009,1
ECHO_201,ABL_P074,0
ECHO_201,ABL_P069,0
ECHO_201,ABL_P068,0
ECHO_201,ABL_P009,1
ECHO_202,ABL_P038,0
ECHO_202,ABL_P069,0
ECHO_202,ABL_P040,0
ECHO_202,ABL_P009,1
ECHO_203,ABL_P067,0
ECHO_203,ABL_P070,0
ECHO_203,ABL_P035,1
ECHO_204,ABL_P015,0
ECHO_204,ABL_P013,0
ECHO_204,ABL_P067,0
ECHO_204,ABL_P035,1
ECHO_205,ABL_P082,0
ECHO_205,ABL_P067,0
ECHO_205,ABL_P070,0
ECHO_205,ABL_P035,1
ECHO_206,ABL_P081,0
ECHO_206,ABL_P040,1
ECHO_207,ABL_P041,0
ECHO_207,ABL_P039,0
ECHO_207,ABL_P031,1
ECHO_208,ABL_P067,0
ECHO_208,ABL_P069,0
ECHO_208,ABL_P040,1
ECHO_209,ABL_P070,0
ECHO_209,ABL_P057,1
ECHO_210,ABL_P070,0
ECHO_210,ABL_P067,0
ECHO_210,ABL_P057,1
ECHO_211,ABL_P059,0
ECHO_211,ABL_P025,1
ECHO_212,ABL_P059,0
ECHO_212,ABL_P015,0
ECHO_212,ABL_P025,1
ECHO_213,ABL_P039,0
ECHO_213,ABL_P056,1
ECHO_214,ABL_P068,0
ECHO_214,ABL_P039,0
ECHO_214,ABL_P056,1
ECHO_215,ABL_P090,0
ECHO_215,ABL_P083,1
ECHO_216,ABL_P090,0
ECHO_216,ABL_P067,0
ECHO_216,ABL_P083,1
ECHO_217,ABL_P037,0
ECHO_217,ABL_P041,0
ECHO_217,ABL_P023,1
ECHO_218,ABL_P070,0
ECHO_218,ABL_P073,0
ECHO_218,ABL_P076,0
ECHO_218,ABL_P019,1
ECHO_219,ABL_P022,0
ECHO_219,ABL_P023,0
ECHO_219,ABL_P079,1
ECHO_220,ABL_P076,0
ECHO_220,ABL_P074,0
ECHO_220,ABL_P022,0
ECHO_220,ABL_P079,1
ECHO_221,ABL_P083,0
ECHO_221,ABL_P082,0
ECHO_221,ABL_P080,0
ECHO_221,ABL_P067,1
ECHO_222,ABL_P019,0
ECHO_222,ABL_P024,0
ECHO_222,ABL_P081,1
ECHO_223,ABL_P019,0
ECHO_223,ABL_P024,0
ECHO_223,ABL_P023,0
ECHO_223,ABL_P081,1
ECHO_224,ABL_P019,0
ECHO_224,ABL_P024,0
ECHO_224,ABL_P023,0
ECHO_224,ABL_P081,1
ECHO_225,ABL_P046,0
ECHO_225,ABL_P061,1
ECHO_226,ABL_P046,0
ECHO_226,ABL_P022,0
ECHO_226,ABL_P061,1
ECHO_227,ABL_P073,0
ECHO_227,ABL_P046,0
ECHO_227,ABL_P061,1
ECHO_228,ABL_P046,0
ECHO_228,ABL_P038,0
ECHO_228,ABL_P061,1
ECHO_229,ABL_P076,0
ECHO_229,ABL_P069,1
ECHO_230,ABL_P076,0
ECHO_230,ABL_P074,0
ECHO_230,ABL_P069,1
ECHO_231,ABL_P076,0
ECHO_231,ABL_P074,0
ECHO_231,ABL_P065,1
ECHO_232,ABL_P045,0
ECHO_232,ABL_P076,0
ECHO_232,ABL_P044,0
ECHO_232,ABL_P065,1
ECHO_233,ABL_P079,0
ECHO_233,ABL_P028,1
ECHO_234,ABL_P014,0
ECHO_234,ABL_P079,0
ECHO_234,ABL_P028,1
ECHO_235,ABL_P080,0
ECHO_235,ABL_P081,0
ECHO_235,ABL_P003,1
ECHO_236,ABL_P086,0
ECHO_236,ABL_P080,0
ECHO_236,ABL_P081,0
ECHO_236,ABL_P003,1
ECHO_237,ABL_P035,0
ECHO_237,ABL_P033,0
ECHO_237,ABL_P057,1
ECHO_238,ABL_P067,0
ECHO_238,ABL_P070,0
ECHO_238,ABL_P019,0
ECHO_238,ABL_P057,1
ECHO_239,ABL_P045,0
ECHO_239,ABL_P021,0
ECHO_239,ABL_P043,0
ECHO_239,ABL_P062,1
ECHO_240,ABL_P090,0
ECHO_240,ABL_P086,0
ECHO_240,ABL_P046,0
ECHO_240,ABL_P005,1
ECHO_241,ABL_P030,0
ECHO_242,ABL_P018,0
ECHO_243,ABL_P053,0
ECHO_244,ABL_P012,0
ECHO_245,ABL_P047,0
ECHO_246,ABL_P006,0
ECHO_247,ABL_P036,0
ECHO_248,ABL_P066,0
ECHO_249,ABL_P071,0
ECHO_250,ABL_P077,0
ECHO_251,ABL_P042,0
ECHO_252,ABL_P078,0
ECHO_253,ABL_P072,0
ECHO_254,ABL_P054,0
ECHO_255,ABL_P084,0
ECHO_256,ABL_P048,0
