Name,LoreOrigin,LoreBehavior,LoreMyth,LoreHumans,KodexL4
ECHO_001,"Ein Oberton Sylv'anors, entstanden dort, wo Farn und Glockenblume im Morgenwind gemeinsam schwingen.","Lebt in kleinen Familien im Farnunterholz; trinkt Tau und Nektar, läutet bei Freude leise mit den Halsknospen und erstarrt bei Gefahr zwischen den Wedeln.","Im Lauscherglauben läutet ein Fernlit über jeder Wiege, deren Kind einmal Wärter wird.","Gilt in Verdanthain als Glücksbringer; Imker sehen es gern, weil es Blüten bestäubt. Es zu erschrecken, bringt nach altem Glauben ein Jahr Stille.","Die Halsknospen öffnen sich vollständig, wenn das Echo dem Wärter tief vertraut. Ab Level 16 wechselt es die Tonart; ab Level 34 folgt die zweite Wandlung."
ECHO_002,"Der zweite Ton der Farnlinie: Wenn Wind durch die Wedel fährt, werden sie zu Schwingen.",Gleitet in kurzen Sprüngen von Ast zu Ast und verteilt dabei Samen; spielt gern mit fallenden Blättern.,"Man sagt, ein Fernwyn weise Verirrten den Weg aus dem Lindwald, wenn sie leise genug sind.","Förster pflanzen dort, wo Fernwyns rasten – an diesen Stellen wächst der Wald am schnellsten nach.","Die Schwingen tragen es nicht wirklich, sie verlängern nur Sprünge. Ab Level 34 öffnet sich die Endform."
ECHO_003,"Die volle Tonart der Farnlinie, ein kleiner Widerhall Sylv'anors selbst.","Wandert langsam durch alte Haine; wo sein Geweih läutet, schließen sich Wunden in der Rinde der Bäume.",Der Lauscherglaube hält Verdrath für den Boten der schlafenden Stimme des Waldes.,"Wer auf einem Verdrath reitet, gilt in Eichenhall als Freund des Waldes; der Bundesrat ehrt solche Wärter.","Verdrath trägt Reiter, nachdem es ihnen vertraut. Sein Klangmal synchronisiert sich mit dem des Wärters."
ECHO_004,"Ein Oberton von Stein und Geduld, geformt dort, wo die Linn Kiesel rund schleift.",Gräbt Mulden in Uferkies und sammelt glatte Steine; rollt sich bei Gefahr zu einer Kugel zusammen.,"Kinder werfen einem Brokk einen Kiesel zu – bringt es ihn zurück, steht eine gute Ernte bevor.",Bauern lassen Brokks Felder entsteinen; als Starter gilt es als verlässlichster Gefährte für neue Wärter.,"Der Panzer wächst mit jeder Schicht, die Brokk aufnimmt. Ab Level 16 und Level 34 entwickelt es sich."
ECHO_005,"Wenn Brokk genug Kiesel getragen hat, wachsen die Steine zu einem Rückenpanzer zusammen.",Verteidigt seinen Ruheplatz mit Schulterstößen; frisst Erzkrümel und Flechten.,"In Kharsgrat heißt es, ein Brokkar habe einst einen Bergrutsch mit dem eigenen Rücken aufgehalten.",Steinmetze lieben Brokkar – es spaltet Blöcke entlang natürlicher Linien.,Die Rückenplatten werden mit jedem Kampf dichter. Ab Level 34 vollendet sich die Linie.
ECHO_006,Die Endform der Kieselwelpen trägt einen Hauch Orh'gruuns in sich: Kleine Steine schweben um sie.,"Bewegt sich bedächtig; wo es lagert, sinkt der Boden leicht ein.","Bergvölker erzählen, Torgrath seien die Wächter der Pässe, bevor es Menschen gab.",Reiter auf Torgrath gelten als unaufhaltsam; Lawinen weichen ihnen der Sage nach aus.,Das Klangmal erzeugt ein schwaches Schwerefeld – deshalb schweben Splitter. Trägt Reiter.
ECHO_007,"Ein Oberton aus Wind in den Kronen – entstanden, wo der Wald pfeift.",Jagt Insekten im Flug und pfeift in kurzen Tonfolgen; badet in Pfützen nach Gewittern.,"Wer ein Wisplet im Gewitter singen hört, dem dreht sich bald der Wind des Glücks.",Seeleute aus Saltrand bringen Wisplets als Wetterboten mit: Sie werden vor Stürmen unruhig.,Die Wirbel auf den Flügeln drehen sich vor Wetterwechseln. Entwickelt sich ab Level 16 und Level 34.
ECHO_008,Der zweite Ton der Pfeifwindlinie: der Ruf wird zur Böe.,Stürzt sich aus großer Höhe auf Beute und reitet Aufwinde stundenlang.,"In Eichenhall sagt man: Wo ein Galewix kreist, zieht bald ein Gewitter auf.",Galewix-Flugstaffeln liefern Botschaften der Wildwacht schneller als jeder Reiter.,Seine Flügelspitzen erzeugen kleine Wirbel – im Kampf zweimal treffend. Ab Level 34 folgt die Endform.
ECHO_009,"Die volle Tonart des Pfeifwinds, verwandt mit den Winden, die einst Nimbara umspielten.","Kreist hoch über dem Wald, sieht Bewegungen auf zwei Kilometer und landet nur, um zu ruhen.","Man sagt, Zephyrion sei als einziges Echo den Himmelinseln je nahe gekommen.",Ein Zephyrion als Flugreittier ist der Traum jedes jungen Wärters in Verdanthain.,"Trägt Reiter durch die Luft, sobald die Wildwacht das Flugreiten freigegeben hat."
ECHO_010,"Ein Oberton aus Lachen und Glöckchenklang, häufig an Orten, wo Menschen musizieren.","Stiehlt Brot, Knöpfe und Glöckchen, versteckt sie in Baumhöhlen und klingelt beim Davonlaufen.","Ein Chimkin im Dachgebälk gilt als Zeichen, dass im Haus bald gefeiert wird.",Der Brotdieb von Lindwiesen ist fast immer ein Chimkin – und meist verzeiht man ihm.,Lernt durch Nachahmung. Ab Level 18 und Level 32 (zur Abenddämmerung) entwickelt es sich; bei Nebel in der Nacht kann ein anderer Ton entstehen.
ECHO_011,"Wenn Chimkins Glöckchen zu Zimbeln werden, wird aus dem Streich ein Rhythmus.",Gruppen schlagen abends gemeinsam den Takt auf hohlen Ästen; der Wald antwortet mit Echo.,"Wanderer, die im Takt eines Chimbal-Konzerts mitklatschen, sollen nie den Weg verlieren.","Musiker aus Eichenhall lauschen Chimbals, um neue Rhythmen zu lernen.",Zur Abenddämmerung ab Level 32 wird es zum Dirigenten. Bei Nebel in der Nacht entsteht stattdessen eine geisterhafte Form.
ECHO_012,"Die Endform der Glöckchenaffen dirigiert den Wald – ein Echo, das andere Echos im Takt hält.",Führt Gruppen von Chimkins und Chimbals; abends ertönen von ihren Lichtungen ganze Konzerte.,Der Lauscherglaube hält Cantaroths Abendlied für ein Wiegenlied Sylv'anors.,"Wärter berichten, dass ihr Chor nach dem Training mit einem Cantaroth harmonischer kämpft.",Trägt Reiter an Baumriesen empor (Kletterreiten). Erscheint wild nur zur Abenddämmerung.
ECHO_013,"Ein Chimbal, das im nächtlichen Nebel weiterwuchs, nimmt die Klangfarbe der Erinnerung an.","Singt Melodien, die es vor Jahren gehört hat; Wanderer hören darin Stimmen Verstorbener.","Im Lauscherglauben bewahrt ein Lorncant die letzten Lieder derer, die im Wald verstummt sind.","Die Akademie studiert Lorncants, weil sie Klänge über Jahrzehnte unverändert wiedergeben.","Entsteht nur, wenn sich ein Chimbal ab Level 32 nachts im Nebel weiterentwickelt."
ECHO_014,"Ein häufiger Oberton des Waldbodens: Moos, das zu laufen gelernt hat.",Weidet in kleinen Herden auf Lichtungen; Jungtiere verstecken sich unter Farnen.,"Ein Mossling, das ins Haus kommt, bringt nach altem Glauben einen milden Winter.","Wird in Moosgrund gehalten, um Wiesen kurz zu halten; sehr friedlich.",Bildet mit Artgenossen Herden mit Alphatier. Ab Level 18 wird es zum Reittier.
ECHO_015,"Wenn ein Mossling erwachsen wird, wachsen ihm Myrtenranken als Geweih.",Führt Herden zu Wasserstellen; Alphatiere tragen die prächtigsten Geweihe.,"Myrthorn-Geweihe, die im Herbst abfallen, gelten als Hochzeitsgeschenk.",Das verbreitetste Reittier Verdanthains; Wildwacht-Ranger patrouillieren auf ihm.,Erstes Bodenreittier vieler Wärter. Entwickelt sich bei tiefer Bindung (Stufe 4); bei Vollmond im Uralthain auch anders.
ECHO_016,Die Endform der Mooslinie entsteht nur aus tiefem Vertrauen – ein Oberton des Frühlings.,"Lebt im Uralthain; wo es grast, blühen am nächsten Morgen Wildblumen.",Ein Vernaune soll den ersten Frühling nach der Großen Stille gebracht haben.,Es zu reiten ist eine Ehre; Eichenhall verleiht Reitern eines Vernaune das Lindenabzeichen.,Entwickelt sich aus einem Myrthorn mit Bindungsstufe 4.
ECHO_017,"Ein Myrthorn, das bei Vollmond im Steinkreis seinen Tonartwechsel erlebt, nimmt Arkanes in sich auf.",Steht nachts reglos in Steinkreisen; die Glyphen im Geweih zeigen Sternbilder.,"Die Akademie vermutet, dass die Steinkreise des Uralthains dorunische Messinstrumente sind.",Nur wenige Wärter haben je ein Glyphaune gesehen; Gelehrte zahlen für Skizzen.,Entsteht aus Myrthorn mit Bindungsstufe 4 bei Vollmond im Uralthain.
ECHO_018,"Ein winziger Oberton des Abendlichts, der sich an Lindenblättern satt frisst.","Leuchtet nachts schwach, um Fressfeinde zu verwirren; schläft tagsüber zusammengerollt.","Kinder legen Lumpips in Gläser, um nachts zu lesen – und lassen sie morgens frei.","Imker mögen Lumpips nicht, weil sie Lindenblätter fressen, verzeihen aber ihr Licht.",Verpuppt sich ab Level 15; die Endform erscheint ab Level 30 nur nachts.
ECHO_019,"Aus der Puppe schlüpft ein Falter, dessen Flügel halb Licht, halb Schatten sind.",Bestäubt nachts Blüten; Schwärme tanzen über Wiesen und folgen Laternen.,"Wer einem Lumow-Schwarm folgt, findet entweder einen Schatz oder einen Sumpf, sagt man.",Nachtwanderer schätzen Lumows als lebende Laternen; Wildwacht nutzt sie für Nachtsuchen.,Ab Level 30 entwickelt es sich nur nachts zur Endform.
ECHO_020,"Ein Falter, der so viel Licht gesammelt hat, dass sein Körper durchscheinend wurde.","Treibt nachts im Nebel; berührt es Blätter, glühen diese kurz nach.",Im Lauscherglauben trägt ein Phantalume Seelen sicher durch die Nacht.,"Die Wildwacht verbietet, Phantalumes einzufangen, um sie zu verkaufen – zu viele verschwanden einst.",Wild nur bei Nebel in der Nacht im Uralthain.
ECHO_021,"Ein kleiner Oberton fließenden Wassers, häufig an jedem Bach Verdanthains.",Singt bei Regen im Chor; legt Laich in ruhige Buchten.,"Wenn die Rillos schweigen, kommt eine Dürre – so sagen die Bauern.",Wird als Wetterfrosch gehalten; Rillo-Gesang ist Teil des Lindwiesen-Festes.,Ab Level 22 wird es zum Wächter der Bäche.
ECHO_022,Ein ausgewachsener Rillo wird zum Hüter seiner Quelle – Seerosen wachsen auf seinem Rücken.,Verteidigt Quellen gegen Eindringlinge und hält das Wasser klar.,"An Quellen mit Rillward-Hütern werden Wünsche erhört, sagt der Volksglaube.","Dörfer bitten Rillwards, an ihren Brunnen zu leben – klares Wasser garantiert.",Entsteht ab Level 22 aus Rillo.
ECHO_023,"Ein Oberton der Zersetzung, der totes Holz zurück in Erde verwandelt.",Schläft auf Baumstümpfen; stößt bei Berührung Sporen aus.,"Köhler sagen, wo Sporlets wachsen, brenne die Kohle besonders gleichmäßig.",Die Köhler von Moosgrund pflegen Sporlet-Gärten; die Sporen düngen ihre Felder.,Entwickelt sich ab Level 24 nur bei Nebel.
ECHO_024,"Ein Sporlet, das im Nebel reifte, wächst über sich hinaus und beginnt zu leuchten.",Lockt Insekten mit Licht und Duft; lebt in Symbiose mit alten Bäumen.,"Wer im Nebel Gesichter in Pilzschatten sieht, hat ein Sporix getroffen.",Moorweise kaufen Sporix-Sporen für Heiltränke gegen Dunst – in kleiner Dosis heilsam.,Wild nur bei Nebel.
ECHO_025,"Ein Schwarm winziger Windfunken, der als ein Echo zählt – ein Oberton aus vielen Stimmen.","Tanzt über Wiesen, fängt Pollen aus der Luft und folgt Laufenden spielerisch.","Kinder glauben, Skirmotes trügen kleine Wünsche zum Wind.","Lindwiesens Müller schätzen Skirmotes, die bei Flaute die Mühlenflügel anschieben.",Verdichtet sich ab Level 22 zu einem größeren Schwarm.
ECHO_026,"Ein gewachsener Funkenschwarm, der summend wie ein Lied durch Schluchten zieht.",Folgt Gewitterfronten; der Schwarm summt in einer einzigen Tonhöhe.,"Wenn die Farnschlucht summt, so heißt es, singt der Wald gegen den Sturm an.",Bei Gewittern meiden Wanderer die Schlucht – Skirrows werden dann wild.,Entsteht ab Level 22 aus Skirmote.
ECHO_027,"Ein Oberton der Hecke, der sich wie eine Ranke bewegt.","Lauert im Dickicht auf Kleintiere, verteidigt Beerensträucher gegen Fresser.","Ein Thornkin um den Gartenzaun schützt das Haus vor bösen Absichten, sagt man.","Gärtner ziehen Thornkins als Heckenwächter; ihre Bisse sind schmerzhaft, aber harmlos.",Entwickelt sich mit einem Obertonkristall (Blüte).
ECHO_028,"Wenn eine Ranke Blütenkraft aufnimmt, wird aus ihr ein Würger mit Rosenduft.",Umschlingt Beute und verteidigt Reviere hartnäckig; bei Regen besonders aktiv.,"Ein Thorncoil, das rot blüht, soll Liebende zusammenführen.",Eichenhalls Rosengärten werden von Thorncoils bewacht – Diebe meiden sie.,Wild nur bei Regen.
ECHO_029,"Ein runder Oberton aus Bachstein, oft mit einem Kiesel verwechselt.","Schläft viel, rollt bachabwärts, wenn es aufgeschreckt wird.",Ein Pebi im Fundament gilt als Schutz vor Einsturz.,"Im Prolog ist Pebi oft das erste wilde Echo, das neue Wärter treffen.","Entwickelt sich ab Level 24, wenn seine Verteidigung höher ist als sein Angriff."
ECHO_030,"Ein Pebi, das genug Ruhe gefunden hat, beginnt zu schweben – ein ferner Ton Orh'gruuns.",Schwebt eine Handbreit über dem Boden und hält kleine Steine in seiner Umlaufbahn.,"Manche glauben, Orbeloths wiesen den Weg zu den schwebenden Felsen von Kharsgrat.",Die Akademie misst an Orbeloths Schwerefelder – Hinweise auf die Hebung Nimbaras.,Entsteht aus Pebi mit höherer Verteidigung als Angriff ab Level 24.
ECHO_031,"Ein Oberton aus Kupfer und Fleiß, der sich in der Nähe von Menschen am wohlsten fühlt.","Sammelt Nägel und Nieten, ordnet sie zu Mustern; repariert kleine Mechanismen.","Ein Rivetkin in der Werkstatt bedeutet, dass nichts verloren geht.",Eichenhalls Handwerker halten Rivetkins als Gehilfen – sie finden jede verlorene Schraube.,Entwickelt sich nicht. Seine Panzerung wird mit dem Alter dicker.
ECHO_032,"Ein seltener Glut-Oberton im Wald – geboren in Köhlermeilern, wo Feuer und Holz einander zuhören.","Hält Meiler nachts am Glimmen, stibitzt Essen und wärmt sich an Herdstellen.",Köhler lassen nachts eine Schale Kohle für den Herdwicht stehen.,"Ohne Cindrels, sagen die Köhler von Moosgrund, gäbe es keine gute Holzkohle.",Einzige Glut-Art Verdanthains. Wild nur nachts bei den Meilern von Moosgrund.
