# Sammelressourcen (K09/K10; Crafting K41, Preise K42). Kategorie: Wood|Ore|Crystal|Herb. Stufe I–V = Ausrüstungsstufe (CANON §18 P8).
Name,Category,Tier,Region,Rarity,DisplayName
ITM_MAT_OAKWOOD,Wood,1,R01,Common,Eichenholz
ITM_MAT_SOUNDRESIN,Wood,2,R01,Rare,Klangharz
ITM_MAT_FERNFIBER,Herb,1,R01,Common,Farnfaser
ITM_MAT_LINDBLOSSOM,Herb,1,R01,Common,Lindblüte
ITM_MAT_COPPERORE,Ore,1,R01,Common,Kupfererz
ITM_MAT_MOSSPEARL,Crystal,1,R01,Uncommon,Moosperle
ITM_MAT_MOUNTAINPINE,Wood,2,R02,Common,Bergkiefer
ITM_MAT_KHARSIRON,Ore,2,R02,Common,Kharseisen
ITM_MAT_GROLLBASALT,Ore,2,R02,Uncommon,Grollbasalt
ITM_MAT_QUARTZSHARD,Crystal,1,R02,Common,Quarzsplitter
ITM_MAT_PEAKGENTIAN,Herb,2,R02,Uncommon,Gipfelenzian
ITM_MAT_MOORWILLOW,Wood,1,R03,Common,Moorweide
ITM_MAT_PEATCOAL,Ore,1,R03,Common,Torfkohle
ITM_MAT_FOGPEARL,Crystal,2,R03,Uncommon,Nebelperle
ITM_MAT_SWAMPMYRTLE,Herb,2,R03,Common,Sumpfmyrte
ITM_MAT_WISPMOSS,Herb,3,R03,Rare,Irrlichtmoos
ITM_MAT_DESERTTHORN,Wood,3,R04,Common,Wüstendornholz
ITM_MAT_SALTCOPPER,Ore,3,R04,Common,Salzkupfer
ITM_MAT_EMBERSAND,Ore,2,R04,Uncommon,Glutsand
ITM_MAT_SUNGLASS,Crystal,3,R04,Uncommon,Sonnenglas
ITM_MAT_OASISMINT,Herb,2,R04,Common,Oasenminze
ITM_MAT_ASHWOOD,Wood,3,R05,Common,Ascheholz
ITM_MAT_SLAGSTEEL,Ore,4,R05,Uncommon,Schlackenstahl
ITM_MAT_OBSIDIAN,Crystal,3,R05,Common,Obsidian
ITM_MAT_SULFURCRYSTAL,Crystal,2,R05,Common,Schwefelkristall
ITM_MAT_FIRELILY,Herb,3,R05,Uncommon,Feuerlilie
ITM_MAT_DRIFTWOOD,Wood,1,R06,Common,Treibholz
ITM_MAT_TINORE,Ore,1,R06,Common,Zinnerz
ITM_MAT_NACRE,Crystal,2,R06,Uncommon,Perlmutt
ITM_MAT_KELP,Herb,1,R06,Common,Seetang
ITM_MAT_SALTWORT,Herb,1,R06,Common,Salzkraut
ITM_MAT_FROSTPINE,Wood,3,R07,Common,Frostkiefer
ITM_MAT_SILVERORE,Ore,3,R07,Common,Silbererz
ITM_MAT_GLACIERQUARTZ,Crystal,4,R07,Uncommon,Gletscherquarz
ITM_MAT_ICEBLOOM,Herb,4,R07,Rare,Eisblume
ITM_MAT_POLARLICHEN,Herb,3,R07,Common,Polarflechte
ITM_MAT_ELDERWOOD,Wood,4,R08,Uncommon,Altholz
ITM_MAT_DORUNSTONE,Ore,4,R08,Common,Dorunstein
ITM_MAT_GLYPHCRYSTAL,Crystal,4,R08,Uncommon,Glyphenkristall
ITM_MAT_RUINVINE,Herb,3,R08,Common,Ruinenrebe
ITM_MAT_PRISMORE,Ore,5,R09,Uncommon,Prismaerz
ITM_MAT_RESONANCECRYSTAL,Crystal,5,R09,Rare,Resonanzkristall
ITM_MAT_CAVEMUSHROOM,Herb,4,R09,Common,Höhlenpilz
ITM_MAT_CRYSTALMOSS,Herb,5,R09,Uncommon,Kristallmoos
ITM_MAT_CLOUDWOOD,Wood,5,R10,Uncommon,Wolkenholz
ITM_MAT_STARMETAL,Ore,5,R10,Rare,Sternmetall
ITM_MAT_SKYGLASS,Crystal,5,R10,Uncommon,Himmelsglas
ITM_MAT_WINDBLOSSOM,Herb,5,R10,Common,Windblüte
